id,label
0,cat
1,dog
2,frog
3,bird
4,truck
5,frog
6,frog
7,frog
8,truck
9,car
10,cat
11,plane
12,bird
13,truck
14,bird
15,deer
16,deer
17,truck
18,dog
19,deer
20,deer
21,horse
22,dog
23,frog
24,frog
25,dog
26,truck
27,truck
28,plane
29,horse
30,ship
31,car
32,plane
33,cat
34,car
35,deer
36,truck
37,horse
38,cat
39,truck
40,plane
41,deer
42,horse
43,deer
44,car
45,car
46,car
47,frog
48,bird
49,dog
50,horse
51,truck
52,cat
53,plane
54,bird
55,bird
56,frog
57,horse
58,plane
59,truck
60,car
61,bird
62,deer
63,plane
64,truck
65,frog
66,dog
67,deer
68,car
69,ship
70,truck
71,frog
72,frog
73,bird
74,cat
75,horse
76,ship
77,ship
78,bird
79,cat
80,cat
81,bird
82,truck
83,horse
84,cat
85,bird
86,truck
87,frog
88,bird
89,dog
90,bird
91,deer
92,car
93,plane
94,truck
95,dog
96,car
97,dog
98,ship
99,deer
100,deer
101,bird
102,plane
103,horse
104,deer
105,dog
106,frog
107,bird
108,frog
109,bird
110,frog
111,truck
112,ship
113,cat
114,deer
115,horse
116,horse
117,frog
118,horse
119,frog
120,frog
121,ship
122,bird
123,truck
124,frog
125,plane
126,dog
127,ship
128,deer
129,dog
130,ship
131,plane
132,horse
133,plane
134,horse
135,bird
136,plane
137,horse
138,plane
139,horse
140,deer
141,cat
142,plane
143,dog
144,dog
145,plane
146,dog
147,truck
148,plane
149,plane
150,ship
151,bird
152,deer
153,horse
154,dog
155,ship
156,car
157,frog
158,ship
159,truck
160,car
161,dog
162,dog
163,truck
164,frog
165,ship
166,car
167,frog
168,frog
169,ship
170,frog
171,dog
172,car
173,car
174,ship
175,plane
176,bird
177,truck
178,deer
179,bird
180,horse
181,cat
182,bird
183,plane
184,truck
185,ship
186,deer
187,ship
188,frog
189,deer
190,car
191,bird
192,horse
193,car
194,cat
195,frog
196,ship
197,deer
198,plane
199,plane
200,car
201,ship
202,cat
203,bird
204,frog
205,deer
206,deer
207,cat
208,frog
209,deer
210,dog
211,frog
212,horse
213,deer
214,deer
215,frog
216,cat
217,cat
218,deer
219,cat
220,truck
221,bird
222,car
223,truck
224,truck
225,frog
226,deer
227,frog
228,plane
229,plane
230,dog
231,dog
232,bird
233,deer
234,car
235,bird
236,car
237,dog
238,bird
239,plane
240,plane
241,ship
242,plane
243,truck
244,dog
245,frog
246,dog
247,deer
248,dog
249,plane
250,car
251,deer
252,deer
253,plane
254,frog
255,car
256,plane
257,bird
258,horse
259,cat
260,frog
261,deer
262,cat
263,ship
264,horse
265,plane
266,dog
267,bird
268,cat
269,dog
270,car
271,car
272,truck
273,horse
274,truck
275,frog
276,plane
277,deer
278,dog
279,car
280,horse
281,truck
282,bird
283,plane
284,truck
285,horse
286,cat
287,ship
288,ship
289,frog
290,plane
291,truck
292,plane
293,car
294,bird
295,frog
296,ship
297,frog
298,dog
299,frog
300,dog
301,bird
302,ship
303,frog
304,dog
305,ship
306,deer
307,plane
308,horse
309,truck
310,truck
311,horse
312,plane
313,bird
314,plane
315,plane
316,dog
317,deer
318,plane
319,truck
320,cat
321,truck
322,car
323,frog
324,horse
325,deer
326,frog
327,deer
328,truck
329,bird
330,horse
331,dog
332,cat
333,deer
334,truck
335,car
336,frog
337,cat
338,horse
339,deer
340,plane
341,deer
342,cat
343,plane
344,horse
345,bird
346,deer
347,dog
348,cat
349,ship
350,plane
351,deer
352,horse
353,plane
354,truck
355,frog
356,horse
357,plane
358,horse
359,truck
360,plane
361,car
362,ship
363,car
364,ship
365,bird
366,plane
367,horse
368,ship
369,horse
370,deer
371,car
372,frog
373,dog
374,cat
375,car
376,car
377,cat
378,cat
379,plane
380,bird
381,horse
382,deer
383,deer
384,car
385,ship
386,truck
387,truck
388,deer
389,ship
390,dog
391,truck
392,bird
393,dog
394,horse
395,truck
396,truck
397,cat
398,bird
399,ship
400,cat
401,frog
402,plane
403,plane
404,car
405,truck
406,ship
407,horse
408,dog
409,cat
410,horse
411,ship
412,cat
413,truck
414,frog
415,frog
416,car
417,bird
418,plane
419,bird
420,dog
421,ship
422,car
423,horse
424,cat
425,ship
426,car
427,bird
428,truck
429,truck
430,frog
431,frog
432,car
433,frog
434,plane
435,truck
436,frog
437,cat
438,deer
439,ship
440,bird
441,ship
442,bird
443,plane
444,plane
445,dog
446,dog
447,bird
448,frog
449,car
450,ship
451,bird
452,dog
453,bird
454,ship
455,truck
456,cat
457,plane
458,car
459,ship
460,car
461,horse
462,truck
463,dog
464,ship
465,dog
466,frog
467,frog
468,dog
469,bird
470,bird
471,bird
472,cat
473,car
474,frog
475,plane
476,frog
477,plane
478,truck
479,bird
480,truck
481,dog
482,ship
483,car
484,car
485,bird
486,horse
487,frog
488,cat
489,frog
490,ship
491,car
492,cat
493,truck
494,deer
495,cat
496,horse
497,truck
498,truck
499,frog
500,horse
501,plane
502,ship
503,dog
504,bird
505,car
506,ship
507,plane
508,cat
509,deer
510,ship
511,ship
512,dog
513,truck
514,frog
515,horse
516,bird
517,horse
518,frog
519,bird
520,truck
521,plane
522,truck
523,frog
524,truck
525,frog
526,deer
527,cat
528,bird
529,deer
530,truck
531,car
532,plane
533,truck
534,horse
535,plane
536,car
537,horse
538,deer
539,bird
540,frog
541,frog
542,dog
543,deer
544,horse
545,deer
546,frog
547,plane
548,frog
549,truck
550,deer
551,bird
552,plane
553,car
554,horse
555,frog
556,frog
557,ship
558,plane
559,horse
560,bird
561,car
562,truck
563,frog
564,frog
565,truck
566,car
567,frog
568,plane
569,car
570,dog
571,deer
572,truck
573,deer
574,car
575,dog
576,frog
577,truck
578,cat
579,plane
580,frog
581,deer
582,ship
583,bird
584,ship
585,ship
586,bird
587,dog
588,ship
589,ship
590,plane
591,deer
592,dog
593,cat
594,dog
595,bird
596,deer
597,truck
598,car
599,frog
600,car
601,car
602,frog
603,car
604,horse
605,truck
606,dog
607,car
608,dog
609,car
610,ship
611,truck
612,deer
613,car
614,ship
615,deer
616,deer
617,cat
618,deer
619,car
620,deer
621,cat
622,deer
623,truck
624,cat
625,plane
626,dog
627,plane
628,ship
629,plane
630,frog
631,plane
632,car
633,frog
634,deer
635,deer
636,cat
637,deer
638,bird
639,car
640,horse
641,cat
642,car
643,truck
644,truck
645,ship
646,car
647,plane
648,truck
649,car
650,deer
651,truck
652,bird
653,frog
654,deer
655,plane
656,car
657,dog
658,car
659,plane
660,dog
661,frog
662,bird
663,frog
664,bird
665,bird
666,truck
667,horse
668,dog
669,truck
670,cat
671,truck
672,bird
673,deer
674,truck
675,dog
676,bird
677,car
678,deer
679,plane
680,car
681,bird
682,car
683,cat
684,car
685,ship
686,ship
687,bird
688,cat
689,dog
690,car
691,horse
692,cat
693,truck
694,deer
695,truck
696,truck
697,deer
698,dog
699,frog
700,ship
701,dog
702,plane
703,deer
704,cat
705,ship
706,truck
707,dog
708,cat
709,deer
710,truck
711,truck
712,bird
713,cat
714,cat
715,ship
716,bird
717,bird
718,frog
719,cat
720,horse
721,deer
722,horse
723,frog
724,plane
725,truck
726,dog
727,dog
728,plane
729,truck
730,ship
731,frog
732,cat
733,bird
734,horse
735,plane
736,bird
737,dog
738,car
739,dog
740,ship
741,horse
742,frog
743,plane
744,frog
745,truck
746,truck
747,deer
748,frog
749,deer
750,bird
751,plane
752,plane
753,cat
754,bird
755,horse
756,ship
757,cat
758,cat
759,truck
760,plane
761,plane
762,plane
763,car
764,plane
765,bird
766,deer
767,deer
768,car
769,truck
770,dog
771,deer
772,horse
773,dog
774,horse
775,deer
776,dog
777,ship
778,car
779,frog
780,plane
781,car
782,dog
783,horse
784,horse
785,deer
786,plane
787,horse
788,bird
789,horse
790,car
791,cat
792,ship
793,plane
794,car
795,car
796,truck
797,truck
798,plane
799,bird
800,cat
801,frog
802,frog
803,truck
804,car
805,ship
806,horse
807,ship
808,frog
809,horse
810,truck
811,bird
812,horse
813,deer
814,bird
815,truck
816,ship
817,horse
818,horse
819,horse
820,bird
821,truck
822,dog
823,cat
824,deer
825,car
826,horse
827,deer
828,plane
829,deer
830,deer
831,ship
832,horse
833,ship
834,bird
835,car
836,horse
837,ship
838,truck
839,ship
840,bird
841,car
842,bird
843,cat
844,frog
845,truck
846,frog
847,deer
848,dog
849,bird
850,ship
851,ship
852,plane
853,plane
854,ship
855,bird
856,truck
857,car
858,truck
859,ship
860,car
861,dog
862,ship
863,horse
864,bird
865,dog
866,truck
867,ship
868,car
869,frog
870,cat
871,ship
872,dog
873,plane
874,horse
875,deer
876,bird
877,horse
878,deer
879,bird
880,dog
881,frog
882,car
883,deer
884,ship
885,bird
886,truck
887,plane
888,bird
889,car
890,ship
891,frog
892,frog
893,cat
894,plane
895,horse
896,dog
897,bird
898,bird
899,deer
900,frog
901,truck
902,truck
903,frog
904,frog
905,horse
906,deer
907,frog
908,plane
909,dog
910,car
911,bird
912,frog
913,frog
914,plane
915,plane
916,bird
917,horse
918,deer
919,deer
920,plane
921,frog
922,plane
923,plane
924,deer
925,plane
926,ship
927,car
928,truck
929,deer
930,horse
931,ship
932,cat
933,car
934,truck
935,dog
936,plane
937,frog
938,frog
939,ship
940,frog
941,ship
942,bird
943,horse
944,plane
945,car
946,truck
947,dog
948,car
949,deer
950,deer
951,cat
952,ship
953,cat
954,dog
955,dog
956,ship
957,ship
958,dog
959,deer
960,car
961,dog
962,cat
963,plane
964,deer
965,bird
966,horse
967,deer
968,bird
969,ship
970,deer
971,deer
972,cat
973,car
974,car
975,frog
976,frog
977,dog
978,cat
979,ship
980,deer
981,car
982,horse
983,ship
984,car
985,frog
986,bird
987,plane
988,bird
989,ship
990,horse
991,frog
992,ship
993,car
994,ship
995,car
996,cat
997,ship
998,car
999,deer
1000,cat
1001,deer
1002,frog
1003,dog
1004,truck
1005,plane
1006,plane
1007,car
1008,frog
1009,car
1010,dog
1011,plane
1012,cat
1013,ship
1014,cat
1015,plane
1016,car
1017,ship
1018,ship
1019,plane
1020,truck
1021,cat
1022,cat
1023,horse
1024,bird
1025,frog
1026,cat
1027,frog
1028,horse
1029,ship
1030,frog
1031,car
1032,dog
1033,horse
1034,dog
1035,cat
1036,truck
1037,cat
1038,cat
1039,dog
1040,plane
1041,ship
1042,frog
1043,truck
1044,ship
1045,car
1046,car
1047,plane
1048,dog
1049,ship
1050,car
1051,bird
1052,bird
1053,plane
1054,ship
1055,bird
1056,horse
1057,plane
1058,truck
1059,deer
1060,plane
1061,truck
1062,horse
1063,deer
1064,dog
1065,bird
1066,car
1067,dog
1068,cat
1069,deer
1070,ship
1071,car
1072,dog
1073,bird
1074,horse
1075,frog
1076,deer
1077,frog
1078,ship
1079,horse
1080,bird
1081,ship
1082,dog
1083,ship
1084,ship
1085,ship
1086,truck
1087,deer
1088,plane
1089,bird
1090,dog
1091,plane
1092,ship
1093,plane
1094,dog
1095,plane
1096,deer
1097,ship
1098,plane
1099,cat
1100,cat
1101,bird
1102,cat
1103,ship
1104,cat
1105,truck
1106,cat
1107,cat
1108,frog
1109,dog
1110,deer
1111,frog
1112,truck
1113,frog
1114,deer
1115,plane
1116,deer
1117,car
1118,bird
1119,truck
1120,plane
1121,horse
1122,bird
1123,horse
1124,bird
1125,dog
1126,plane
1127,frog
1128,cat
1129,dog
1130,plane
1131,dog
1132,car
1133,dog
1134,bird
1135,car
1136,car
1137,frog
1138,truck
1139,cat
1140,cat
1141,bird
1142,bird
1143,dog
1144,bird
1145,bird
1146,deer
1147,horse
1148,deer
1149,cat
1150,horse
1151,dog
1152,frog
1153,horse
1154,frog
1155,frog
1156,cat
1157,truck
1158,bird
1159,car
1160,ship
1161,plane
1162,dog
1163,car
1164,ship
1165,frog
1166,horse
1167,plane
1168,dog
1169,bird
1170,dog
1171,dog
1172,ship
1173,bird
1174,ship
1175,bird
1176,dog
1177,plane
1178,horse
1179,frog
1180,plane
1181,ship
1182,truck
1183,dog
1184,bird
1185,frog
1186,truck
1187,car
1188,frog
1189,horse
1190,deer
1191,plane
1192,frog
1193,frog
1194,horse
1195,ship
1196,plane
1197,horse
1198,frog
1199,frog
1200,dog
1201,deer
1202,car
1203,horse
1204,horse
1205,cat
1206,truck
1207,car
1208,truck
1209,cat
1210,cat
1211,bird
1212,horse
1213,ship
1214,cat
1215,ship
1216,horse
1217,plane
1218,ship
1219,deer
1220,plane
1221,plane
1222,plane
1223,plane
1224,plane
1225,truck
1226,truck
1227,horse
1228,deer
1229,car
1230,car
1231,cat
1232,ship
1233,frog
1234,ship
1235,dog
1236,horse
1237,truck
1238,bird
1239,plane
1240,frog
1241,bird
1242,bird
1243,dog
1244,deer
1245,horse
1246,bird
1247,frog
1248,plane
1249,ship
1250,dog
1251,frog
1252,bird
1253,bird
1254,truck
1255,deer
1256,dog
1257,truck
1258,frog
1259,plane
1260,dog
1261,deer
1262,bird
1263,deer
1264,horse
1265,truck
1266,cat
1267,cat
1268,deer
1269,car
1270,deer
1271,deer
1272,plane
1273,deer
1274,horse
1275,horse
1276,frog
1277,dog
1278,truck
1279,cat
1280,car
1281,bird
1282,ship
1283,bird
1284,horse
1285,truck
1286,horse
1287,bird
1288,bird
1289,car
1290,plane
1291,frog
1292,car
1293,deer
1294,bird
1295,plane
1296,ship
1297,cat
1298,car
1299,ship
1300,truck
1301,frog
1302,frog
1303,deer
1304,ship
1305,plane
1306,dog
1307,cat
1308,frog
1309,car
1310,horse
1311,cat
1312,dog
1313,deer
1314,bird
1315,ship
1316,dog
1317,bird
1318,car
1319,ship
1320,dog
1321,frog
1322,plane
1323,horse
1324,cat
1325,deer
1326,bird
1327,dog
1328,car
1329,cat
1330,dog
1331,horse
1332,dog
1333,frog
1334,dog
1335,dog
1336,ship
1337,dog
1338,bird
1339,dog
1340,cat
1341,bird
1342,dog
1343,plane
1344,horse
1345,horse
1346,ship
1347,plane
1348,dog
1349,plane
1350,ship
1351,deer
1352,ship
1353,horse
1354,car
1355,car
1356,plane
1357,cat
1358,bird
1359,horse
1360,plane
1361,ship
1362,car
1363,frog
1364,cat
1365,plane
1366,bird
1367,frog
1368,car
1369,dog
1370,horse
1371,cat
1372,truck
1373,horse
1374,plane
1375,cat
1376,car
1377,truck
1378,truck
1379,deer
1380,horse
1381,car
1382,plane
1383,bird
1384,ship
1385,bird
1386,car
1387,truck
1388,horse
1389,frog
1390,bird
1391,frog
1392,deer
1393,ship
1394,ship
1395,plane
1396,plane
1397,bird
1398,dog
1399,truck
1400,frog
1401,bird
1402,bird
1403,frog
1404,horse
1405,horse
1406,deer
1407,cat
1408,horse
1409,ship
1410,dog
1411,frog
1412,cat
1413,dog
1414,bird
1415,bird
1416,ship
1417,deer
1418,horse
1419,cat
1420,frog
1421,dog
1422,plane
1423,ship
1424,car
1425,horse
1426,horse
1427,bird
1428,car
1429,horse
1430,plane
1431,ship
1432,dog
1433,cat
1434,cat
1435,horse
1436,truck
1437,ship
1438,plane
1439,ship
1440,ship
1441,deer
1442,truck
1443,deer
1444,cat
1445,plane
1446,plane
1447,deer
1448,plane
1449,plane
1450,horse
1451,dog
1452,truck
1453,ship
1454,ship
1455,horse
1456,truck
1457,car
1458,dog
1459,ship
1460,ship
1461,ship
1462,plane
1463,frog
1464,plane
1465,plane
1466,ship
1467,horse
1468,deer
1469,horse
1470,frog
1471,ship
1472,ship
1473,plane
1474,deer
1475,cat
1476,deer
1477,ship
1478,truck
1479,horse
1480,frog
1481,deer
1482,car
1483,cat
1484,truck
1485,ship
1486,car
1487,truck
1488,plane
1489,car
1490,dog
1491,car
1492,frog
1493,bird
1494,horse
1495,ship
1496,cat
1497,horse
1498,frog
1499,cat
1500,plane
1501,horse
1502,deer
1503,deer
1504,bird
1505,deer
1506,horse
1507,ship
1508,deer
1509,deer
1510,car
1511,horse
1512,horse
1513,horse
1514,deer
1515,deer
1516,frog
1517,dog
1518,deer
1519,cat
1520,ship
1521,ship
1522,truck
1523,frog
1524,plane
1525,deer
1526,plane
1527,cat
1528,plane
1529,cat
1530,frog
1531,ship
1532,car
1533,bird
1534,frog
1535,frog
1536,dog
1537,bird
1538,bird
1539,dog
1540,plane
1541,frog
1542,truck
1543,dog
1544,bird
1545,plane
1546,ship
1547,cat
1548,deer
1549,frog
1550,truck
1551,bird
1552,cat
1553,deer
1554,truck
1555,ship
1556,truck
1557,dog
1558,car
1559,dog
1560,deer
1561,bird
1562,ship
1563,car
1564,ship
1565,plane
1566,cat
1567,car
1568,dog
1569,ship
1570,cat
1571,car
1572,car
1573,truck
1574,horse
1575,plane
1576,deer
1577,deer
1578,frog
1579,truck
1580,dog
1581,cat
1582,plane
1583,frog
1584,plane
1585,ship
1586,cat
1587,frog
1588,dog
1589,ship
1590,car
1591,frog
1592,deer
1593,horse
1594,frog
1595,bird
1596,ship
1597,truck
1598,car
1599,cat
1600,car
1601,car
1602,truck
1603,cat
1604,deer
1605,cat
1606,cat
1607,dog
1608,ship
1609,truck
1610,plane
1611,plane
1612,cat
1613,frog
1614,ship
1615,ship
1616,car
1617,bird
1618,dog
1619,dog
1620,ship
1621,plane
1622,ship
1623,car
1624,plane
1625,frog
1626,plane
1627,deer
1628,truck
1629,dog
1630,cat
1631,car
1632,ship
1633,dog
1634,ship
1635,car
1636,deer
1637,plane
1638,deer
1639,car
1640,dog
1641,frog
1642,cat
1643,frog
1644,plane
1645,cat
1646,dog
1647,car
1648,truck
1649,deer
1650,plane
1651,bird
1652,cat
1653,deer
1654,plane
1655,car
1656,truck
1657,deer
1658,cat
1659,cat
1660,car
1661,ship
1662,dog
1663,cat
1664,car
1665,ship
1666,car
1667,horse
1668,cat
1669,ship
1670,car
1671,plane
1672,bird
1673,cat
1674,ship
1675,ship
1676,deer
1677,plane
1678,car
1679,ship
1680,car
1681,bird
1682,car
1683,horse
1684,car
1685,horse
1686,cat
1687,frog
1688,horse
1689,cat
1690,dog
1691,frog
1692,bird
1693,dog
1694,car
1695,deer
1696,bird
1697,bird
1698,car
1699,horse
1700,ship
1701,truck
1702,deer
1703,car
1704,cat
1705,plane
1706,cat
1707,truck
1708,ship
1709,deer
1710,dog
1711,plane
1712,frog
1713,plane
1714,horse
1715,truck
1716,dog
1717,dog
1718,bird
1719,dog
1720,car
1721,frog
1722,ship
1723,deer
1724,frog
1725,ship
1726,cat
1727,cat
1728,dog
1729,bird
1730,ship
1731,horse
1732,dog
1733,ship
1734,frog
1735,plane
1736,car
1737,frog
1738,car
1739,frog
1740,deer
1741,plane
1742,bird
1743,dog
1744,car
1745,bird
1746,deer
1747,frog
1748,dog
1749,cat
1750,car
1751,plane
1752,bird
1753,car
1754,car
1755,horse
1756,car
1757,deer
1758,deer
1759,truck
1760,car
1761,frog
1762,plane
1763,deer
1764,car
1765,car
1766,plane
1767,plane
1768,plane
1769,plane
1770,plane
1771,truck
1772,bird
1773,dog
1774,dog
1775,bird
1776,ship
1777,frog
1778,cat
1779,plane
1780,bird
1781,deer
1782,car
1783,bird
1784,cat
1785,deer
1786,plane
1787,car
1788,dog
1789,deer
1790,truck
1791,cat
1792,truck
1793,ship
1794,ship
1795,ship
1796,dog
1797,dog
1798,car
1799,deer
1800,deer
1801,plane
1802,dog
1803,bird
1804,ship
1805,frog
1806,deer
1807,ship
1808,frog
1809,dog
1810,bird
1811,bird
1812,plane
1813,car
1814,frog
1815,car
1816,horse
1817,dog
1818,plane
1819,deer
1820,plane
1821,deer
1822,dog
1823,plane
1824,frog
1825,deer
1826,bird
1827,dog
1828,truck
1829,car
1830,bird
1831,cat
1832,truck
1833,truck
1834,car
1835,truck
1836,ship
1837,car
1838,horse
1839,plane
1840,car
1841,truck
1842,plane
1843,bird
1844,dog
1845,bird
1846,horse
1847,deer
1848,deer
1849,bird
1850,car
1851,truck
1852,dog
1853,cat
1854,plane
1855,bird
1856,ship
1857,cat
1858,truck
1859,deer
1860,frog
1861,cat
1862,ship
1863,truck
1864,deer
1865,truck
1866,car
1867,plane
1868,car
1869,horse
1870,truck
1871,car
1872,horse
1873,car
1874,truck
1875,frog
1876,dog
1877,bird
1878,ship
1879,truck
1880,frog
1881,bird
1882,horse
1883,frog
1884,plane
1885,bird
1886,truck
1887,bird
1888,frog
1889,dog
1890,dog
1891,plane
1892,dog
1893,plane
1894,deer
1895,plane
1896,horse
1897,ship
1898,bird
1899,dog
1900,horse
1901,dog
1902,truck
1903,bird
1904,ship
1905,car
1906,dog
1907,dog
1908,bird
1909,plane
1910,plane
1911,dog
1912,car
1913,truck
1914,truck
1915,frog
1916,plane
1917,plane
1918,horse
1919,plane
1920,bird
1921,frog
1922,horse
1923,bird
1924,horse
1925,deer
1926,frog
1927,ship
1928,dog
1929,ship
1930,deer
1931,frog
1932,truck
1933,truck
1934,bird
1935,truck
1936,frog
1937,ship
1938,truck
1939,dog
1940,truck
1941,car
1942,truck
1943,plane
1944,frog
1945,ship
1946,truck
1947,cat
1948,dog
1949,ship
1950,frog
1951,ship
1952,dog
1953,truck
1954,ship
1955,truck
1956,truck
1957,frog
1958,car
1959,frog
1960,bird
1961,car
1962,cat
1963,horse
1964,truck
1965,horse
1966,cat
1967,dog
1968,bird
1969,ship
1970,frog
1971,bird
1972,bird
1973,deer
1974,dog
1975,cat
1976,ship
1977,dog
1978,bird
1979,truck
1980,ship
1981,ship
1982,bird
1983,truck
1984,ship
1985,frog
1986,dog
1987,horse
1988,frog
1989,dog
1990,ship
1991,deer
1992,dog
1993,cat
1994,deer
1995,plane
1996,frog
1997,deer
1998,plane
1999,horse
2000,cat
2001,car
2002,dog
2003,truck
2004,dog
2005,car
2006,frog
2007,truck
2008,ship
2009,deer
2010,plane
2011,frog
2012,bird
2013,truck
2014,horse
2015,ship
2016,cat
2017,plane
2018,frog
2019,truck
2020,deer
2021,horse
2022,plane
2023,dog
2024,frog
2025,frog
2026,plane
2027,truck
2028,truck
2029,car
2030,bird
2031,truck
2032,car
2033,horse
2034,dog
2035,horse
2036,horse
2037,dog
2038,frog
2039,cat
2040,frog
2041,car
2042,deer
2043,bird
2044,ship
2045,plane
2046,car
2047,horse
2048,ship
2049,car
2050,car
2051,truck
2052,ship
2053,ship
2054,dog
2055,horse
2056,deer
2057,frog
2058,dog
2059,horse
2060,bird
2061,horse
2062,bird
2063,deer
2064,truck
2065,bird
2066,bird
2067,ship
2068,bird
2069,deer
2070,horse
2071,plane
2072,deer
2073,bird
2074,dog
2075,truck
2076,car
2077,car
2078,truck
2079,car
2080,ship
2081,ship
2082,cat
2083,cat
2084,truck
2085,plane
2086,cat
2087,deer
2088,deer
2089,ship
2090,frog
2091,horse
2092,horse
2093,frog
2094,horse
2095,truck
2096,truck
2097,bird
2098,cat
2099,ship
2100,cat
2101,deer
2102,bird
2103,plane
2104,cat
2105,dog
2106,deer
2107,bird
2108,plane
2109,plane
2110,ship
2111,truck
2112,cat
2113,bird
2114,car
2115,plane
2116,plane
2117,cat
2118,bird
2119,bird
2120,cat
2121,horse
2122,plane
2123,plane
2124,cat
2125,cat
2126,frog
2127,bird
2128,truck
2129,cat
2130,cat
2131,ship
2132,frog
2133,frog
2134,bird
2135,dog
2136,dog
2137,ship
2138,deer
2139,deer
2140,truck
2141,frog
2142,deer
2143,cat
2144,horse
2145,dog
2146,cat
2147,deer
2148,bird
2149,bird
2150,dog
2151,car
2152,horse
2153,dog
2154,deer
2155,deer
2156,bird
2157,ship
2158,frog
2159,dog
2160,plane
2161,frog
2162,truck
2163,plane
2164,bird
2165,deer
2166,ship
2167,bird
2168,cat
2169,truck
2170,ship
2171,deer
2172,car
2173,plane
2174,bird
2175,bird
2176,cat
2177,cat
2178,bird
2179,horse
2180,frog
2181,frog
2182,truck
2183,truck
2184,frog
2185,plane
2186,ship
2187,deer
2188,cat
2189,dog
2190,ship
2191,ship
2192,bird
2193,truck
2194,horse
2195,car
2196,truck
2197,frog
2198,frog
2199,bird
2200,deer
2201,cat
2202,plane
2203,horse
2204,cat
2205,plane
2206,truck
2207,cat
2208,dog
2209,cat
2210,frog
2211,deer
2212,ship
2213,cat
2214,horse
2215,bird
2216,cat
2217,dog
2218,car
2219,cat
2220,plane
2221,deer
2222,frog
2223,car
2224,car
2225,plane
2226,horse
2227,frog
2228,truck
2229,car
2230,frog
2231,plane
2232,horse
2233,dog
2234,bird
2235,ship
2236,deer
2237,horse
2238,cat
2239,dog
2240,bird
2241,plane
2242,dog
2243,ship
2244,bird
2245,plane
2246,plane
2247,cat
2248,plane
2249,ship
2250,plane
2251,cat
2252,bird
2253,car
2254,ship
2255,dog
2256,bird
2257,dog
2258,car
2259,car
2260,ship
2261,frog
2262,car
2263,horse
2264,bird
2265,deer
2266,horse
2267,ship
2268,deer
2269,plane
2270,car
2271,cat
2272,ship
2273,truck
2274,deer
2275,plane
2276,horse
2277,bird
2278,dog
2279,ship
2280,deer
2281,frog
2282,cat
2283,deer
2284,truck
2285,bird
2286,deer
2287,cat
2288,frog
2289,horse
2290,bird
2291,ship
2292,dog
2293,car
2294,frog
2295,bird
2296,car
2297,cat
2298,horse
2299,horse
2300,truck
2301,plane
2302,plane
2303,truck
2304,frog
2305,car
2306,dog
2307,frog
2308,horse
2309,car
2310,frog
2311,dog
2312,car
2313,frog
2314,bird
2315,deer
2316,ship
2317,cat
2318,plane
2319,truck
2320,plane
2321,cat
2322,car
2323,truck
2324,frog
2325,deer
2326,bird
2327,frog
2328,cat
2329,horse
2330,frog
2331,horse
2332,frog
2333,bird
2334,car
2335,plane
2336,deer
2337,frog
2338,plane
2339,cat
2340,frog
2341,plane
2342,ship
2343,bird
2344,cat
2345,deer
2346,dog
2347,car
2348,dog
2349,cat
2350,bird
2351,ship
2352,dog
2353,frog
2354,bird
2355,ship
2356,deer
2357,dog
2358,deer
2359,truck
2360,bird
2361,ship
2362,horse
2363,deer
2364,deer
2365,horse
2366,dog
2367,frog
2368,car
2369,truck
2370,deer
2371,plane
2372,ship
2373,ship
2374,frog
2375,frog
2376,horse
2377,dog
2378,car
2379,truck
2380,dog
2381,bird
2382,ship
2383,horse
2384,car
2385,bird
2386,car
2387,ship
2388,ship
2389,bird
2390,car
2391,horse
2392,dog
2393,truck
2394,truck
2395,horse
2396,cat
2397,bird
2398,frog
2399,plane
2400,cat
2401,ship
2402,bird
2403,dog
2404,car
2405,truck
2406,cat
2407,car
2408,dog
2409,truck
2410,car
2411,bird
2412,dog
2413,cat
2414,dog
2415,plane
2416,deer
2417,horse
2418,truck
2419,horse
2420,deer
2421,horse
2422,deer
2423,car
2424,truck
2425,cat
2426,bird
2427,frog
2428,dog
2429,dog
2430,deer
2431,plane
2432,horse
2433,car
2434,frog
2435,frog
2436,deer
2437,frog
2438,dog
2439,dog
2440,cat
2441,car
2442,ship
2443,deer
2444,frog
2445,car
2446,truck
2447,plane
2448,bird
2449,truck
2450,horse
2451,car
2452,plane
2453,plane
2454,bird
2455,bird
2456,deer
2457,car
2458,dog
2459,ship
2460,truck
2461,truck
2462,plane
2463,horse
2464,frog
2465,cat
2466,dog
2467,cat
2468,plane
2469,dog
2470,dog
2471,plane
2472,plane
2473,ship
2474,truck
2475,bird
2476,deer
2477,plane
2478,car
2479,truck
2480,frog
2481,horse
2482,car
2483,plane
2484,ship
2485,plane
2486,cat
2487,ship
2488,frog
2489,bird
2490,ship
2491,car
2492,cat
2493,cat
2494,ship
2495,frog
2496,truck
2497,plane
2498,deer
2499,truck
2500,ship
2501,car
2502,truck
2503,deer
2504,cat
2505,bird
2506,truck
2507,bird
2508,bird
2509,plane
2510,bird
2511,truck
2512,car
2513,cat
2514,ship
2515,dog
2516,bird
2517,horse
2518,car
2519,cat
2520,frog
2521,deer
2522,frog
2523,truck
2524,frog
2525,deer
2526,car
2527,deer
2528,cat
2529,bird
2530,bird
2531,deer
2532,horse
2533,car
2534,horse
2535,frog
2536,deer
2537,bird
2538,dog
2539,dog
2540,frog
2541,car
2542,deer
2543,plane
2544,cat
2545,car
2546,plane
2547,car
2548,dog
2549,frog
2550,ship
2551,ship
2552,car
2553,frog
2554,truck
2555,bird
2556,car
2557,plane
2558,cat
2559,dog
2560,deer
2561,ship
2562,car
2563,frog
2564,horse
2565,horse
2566,plane
2567,dog
2568,bird
2569,bird
2570,deer
2571,horse
2572,dog
2573,frog
2574,bird
2575,horse
2576,bird
2577,deer
2578,deer
2579,dog
2580,truck
2581,deer
2582,horse
2583,cat
2584,dog
2585,horse
2586,ship
2587,deer
2588,plane
2589,car
2590,ship
2591,bird
2592,dog
2593,frog
2594,ship
2595,horse
2596,horse
2597,cat
2598,deer
2599,deer
2600,dog
2601,cat
2602,bird
2603,ship
2604,bird
2605,ship
2606,dog
2607,dog
2608,ship
2609,bird
2610,deer
2611,cat
2612,deer
2613,cat
2614,cat
2615,frog
2616,horse
2617,cat
2618,truck
2619,frog
2620,dog
2621,cat
2622,plane
2623,car
2624,horse
2625,truck
2626,car
2627,horse
2628,cat
2629,cat
2630,ship
2631,frog
2632,bird
2633,car
2634,dog
2635,frog
2636,deer
2637,plane
2638,deer
2639,deer
2640,frog
2641,car
2642,cat
2643,plane
2644,dog
2645,frog
2646,truck
2647,deer
2648,dog
2649,car
2650,bird
2651,car
2652,deer
2653,cat
2654,horse
2655,frog
2656,plane
2657,horse
2658,bird
2659,truck
2660,plane
2661,horse
2662,bird
2663,ship
2664,truck
2665,truck
2666,bird
2667,dog
2668,plane
2669,frog
2670,plane
2671,cat
2672,ship
2673,truck
2674,dog
2675,dog
2676,ship
2677,plane
2678,car
2679,frog
2680,car
2681,bird
2682,horse
2683,horse
2684,ship
2685,bird
2686,deer
2687,deer
2688,bird
2689,truck
2690,horse
2691,ship
2692,cat
2693,truck
2694,bird
2695,ship
2696,cat
2697,deer
2698,cat
2699,dog
2700,ship
2701,truck
2702,horse
2703,frog
2704,cat
2705,plane
2706,bird
2707,ship
2708,deer
2709,cat
2710,plane
2711,dog
2712,bird
2713,cat
2714,frog
2715,ship
2716,bird
2717,dog
2718,car
2719,plane
2720,frog
2721,truck
2722,ship
2723,bird
2724,frog
2725,horse
2726,horse
2727,frog
2728,ship
2729,ship
2730,deer
2731,dog
2732,deer
2733,car
2734,bird
2735,cat
2736,frog
2737,cat
2738,cat
2739,dog
2740,car
2741,cat
2742,car
2743,plane
2744,car
2745,ship
2746,bird
2747,dog
2748,truck
2749,frog
2750,cat
2751,dog
2752,bird
2753,car
2754,frog
2755,cat
2756,deer
2757,bird
2758,horse
2759,deer
2760,truck
2761,deer
2762,frog
2763,horse
2764,plane
2765,dog
2766,frog
2767,ship
2768,ship
2769,horse
2770,car
2771,bird
2772,ship
2773,truck
2774,plane
2775,dog
2776,cat
2777,truck
2778,deer
2779,cat
2780,plane
2781,deer
2782,ship
2783,plane
2784,frog
2785,bird
2786,plane
2787,frog
2788,deer
2789,dog
2790,deer
2791,ship
2792,frog
2793,ship
2794,cat
2795,ship
2796,horse
2797,plane
2798,bird
2799,dog
2800,bird
2801,plane
2802,horse
2803,bird
2804,plane
2805,frog
2806,ship
2807,cat
2808,plane
2809,ship
2810,ship
2811,bird
2812,bird
2813,horse
2814,ship
2815,plane
2816,horse
2817,horse
2818,ship
2819,bird
2820,dog
2821,frog
2822,bird
2823,ship
2824,plane
2825,truck
2826,dog
2827,plane
2828,horse
2829,deer
2830,truck
2831,horse
2832,ship
2833,truck
2834,cat
2835,dog
2836,car
2837,plane
2838,frog
2839,bird
2840,deer
2841,dog
2842,deer
2843,bird
2844,ship
2845,cat
2846,car
2847,dog
2848,horse
2849,deer
2850,dog
2851,ship
2852,deer
2853,bird
2854,deer
2855,dog
2856,dog
2857,plane
2858,cat
2859,frog
2860,frog
2861,ship
2862,car
2863,car
2864,bird
2865,frog
2866,car
2867,frog
2868,bird
2869,dog
2870,frog
2871,ship
2872,dog
2873,horse
2874,ship
2875,bird
2876,ship
2877,ship
2878,car
2879,cat
2880,bird
2881,deer
2882,dog
2883,frog
2884,plane
2885,bird
2886,ship
2887,plane
2888,car
2889,truck
2890,frog
2891,horse
2892,bird
2893,cat
2894,deer
2895,deer
2896,truck
2897,truck
2898,deer
2899,ship
2900,cat
2901,truck
2902,dog
2903,bird
2904,dog
2905,truck
2906,car
2907,dog
2908,plane
2909,cat
2910,plane
2911,plane
2912,plane
2913,bird
2914,frog
2915,cat
2916,frog
2917,plane
2918,bird
2919,frog
2920,deer
2921,ship
2922,plane
2923,horse
2924,truck
2925,frog
2926,plane
2927,cat
2928,horse
2929,deer
2930,cat
2931,ship
2932,bird
2933,horse
2934,dog
2935,deer
2936,cat
2937,plane
2938,ship
2939,horse
2940,cat
2941,plane
2942,truck
2943,plane
2944,frog
2945,bird
2946,car
2947,dog
2948,dog
2949,bird
2950,ship
2951,cat
2952,frog
2953,ship
2954,frog
2955,car
2956,cat
2957,plane
2958,ship
2959,truck
2960,bird
2961,deer
2962,bird
2963,ship
2964,bird
2965,truck
2966,frog
2967,ship
2968,cat
2969,frog
2970,bird
2971,cat
2972,car
2973,cat
2974,horse
2975,ship
2976,car
2977,ship
2978,truck
2979,car
2980,plane
2981,frog
2982,ship
2983,bird
2984,ship
2985,frog
2986,bird
2987,dog
2988,car
2989,plane
2990,truck
2991,plane
2992,car
2993,horse
2994,horse
2995,truck
2996,ship
2997,truck
2998,frog
2999,cat
3000,car
3001,dog
3002,truck
3003,horse
3004,car
3005,cat
3006,truck
3007,cat
3008,car
3009,truck
3010,dog
3011,dog
3012,deer
3013,bird
3014,dog
3015,horse
3016,deer
3017,car
3018,dog
3019,frog
3020,car
3021,plane
3022,plane
3023,dog
3024,truck
3025,plane
3026,dog
3027,cat
3028,frog
3029,bird
3030,ship
3031,frog
3032,car
3033,horse
3034,dog
3035,car
3036,car
3037,truck
3038,cat
3039,frog
3040,ship
3041,frog
3042,ship
3043,cat
3044,car
3045,bird
3046,plane
3047,cat
3048,bird
3049,bird
3050,frog
3051,frog
3052,deer
3053,cat
3054,ship
3055,plane
3056,ship
3057,deer
3058,frog
3059,frog
3060,horse
3061,plane
3062,deer
3063,horse
3064,cat
3065,frog
3066,truck
3067,horse
3068,frog
3069,truck
3070,plane
3071,horse
3072,bird
3073,bird
3074,cat
3075,deer
3076,bird
3077,bird
3078,deer
3079,dog
3080,truck
3081,cat
3082,cat
3083,car
3084,car
3085,frog
3086,car
3087,plane
3088,deer
3089,frog
3090,plane
3091,deer
3092,dog
3093,plane
3094,ship
3095,bird
3096,deer
3097,plane
3098,ship
3099,frog
3100,bird
3101,deer
3102,dog
3103,bird
3104,car
3105,horse
3106,frog
3107,ship
3108,truck
3109,ship
3110,bird
3111,horse
3112,bird
3113,car
3114,bird
3115,ship
3116,truck
3117,dog
3118,dog
3119,frog
3120,dog
3121,car
3122,car
3123,ship
3124,ship
3125,car
3126,plane
3127,frog
3128,cat
3129,cat
3130,ship
3131,truck
3132,bird
3133,frog
3134,ship
3135,truck
3136,frog
3137,ship
3138,deer
3139,horse
3140,cat
3141,deer
3142,ship
3143,plane
3144,deer
3145,cat
3146,ship
3147,bird
3148,car
3149,ship
3150,bird
3151,plane
3152,cat
3153,ship
3154,ship
3155,horse
3156,plane
3157,deer
3158,plane
3159,ship
3160,frog
3161,plane
3162,frog
3163,ship
3164,deer
3165,truck
3166,deer
3167,car
3168,ship
3169,cat
3170,frog
3171,dog
3172,plane
3173,dog
3174,frog
3175,frog
3176,dog
3177,plane
3178,frog
3179,deer
3180,cat
3181,frog
3182,horse
3183,plane
3184,horse
3185,deer
3186,cat
3187,car
3188,cat
3189,ship
3190,frog
3191,car
3192,dog
3193,ship
3194,bird
3195,plane
3196,dog
3197,horse
3198,truck
3199,bird
3200,plane
3201,frog
3202,plane
3203,car
3204,cat
3205,bird
3206,deer
3207,car
3208,truck
3209,dog
3210,ship
3211,deer
3212,bird
3213,frog
3214,ship
3215,cat
3216,car
3217,dog
3218,horse
3219,truck
3220,ship
3221,plane
3222,truck
3223,bird
3224,deer
3225,frog
3226,plane
3227,truck
3228,frog
3229,bird
3230,horse
3231,cat
3232,car
3233,car
3234,deer
3235,ship
3236,plane
3237,deer
3238,ship
3239,deer
3240,dog
3241,dog
3242,plane
3243,bird
3244,plane
3245,bird
3246,cat
3247,bird
3248,frog
3249,deer
3250,car
3251,ship
3252,dog
3253,truck
3254,car
3255,car
3256,horse
3257,horse
3258,horse
3259,car
3260,bird
3261,bird
3262,bird
3263,frog
3264,plane
3265,frog
3266,truck
3267,bird
3268,plane
3269,car
3270,horse
3271,cat
3272,deer
3273,frog
3274,bird
3275,car
3276,car
3277,plane
3278,car
3279,horse
3280,horse
3281,truck
3282,deer
3283,deer
3284,bird
3285,ship
3286,deer
3287,car
3288,ship
3289,horse
3290,dog
3291,cat
3292,plane
3293,car
3294,deer
3295,frog
3296,frog
3297,frog
3298,car
3299,dog
3300,dog
3301,plane
3302,frog
3303,car
3304,truck
3305,truck
3306,car
3307,plane
3308,car
3309,bird
3310,plane
3311,truck
3312,ship
3313,deer
3314,ship
3315,ship
3316,truck
3317,horse
3318,cat
3319,plane
3320,horse
3321,deer
3322,deer
3323,plane
3324,ship
3325,car
3326,dog
3327,frog
3328,deer
3329,car
3330,frog
3331,truck
3332,horse
3333,deer
3334,plane
3335,frog
3336,frog
3337,cat
3338,truck
3339,ship
3340,frog
3341,ship
3342,truck
3343,deer
3344,truck
3345,car
3346,bird
3347,ship
3348,ship
3349,dog
3350,truck
3351,plane
3352,truck
3353,car
3354,plane
3355,cat
3356,cat
3357,truck
3358,car
3359,plane
3360,horse
3361,bird
3362,ship
3363,horse
3364,car
3365,deer
3366,cat
3367,frog
3368,car
3369,deer
3370,cat
3371,car
3372,ship
3373,horse
3374,plane
3375,horse
3376,car
3377,cat
3378,bird
3379,truck
3380,deer
3381,car
3382,ship
3383,frog
3384,car
3385,horse
3386,bird
3387,ship
3388,plane
3389,truck
3390,dog
3391,truck
3392,bird
3393,dog
3394,frog
3395,cat
3396,plane
3397,cat
3398,dog
3399,dog
3400,deer
3401,car
3402,truck
3403,plane
3404,deer
3405,car
3406,bird
3407,plane
3408,frog
3409,car
3410,bird
3411,bird
3412,car
3413,frog
3414,truck
3415,car
3416,frog
3417,horse
3418,horse
3419,plane
3420,dog
3421,cat
3422,cat
3423,truck
3424,dog
3425,ship
3426,horse
3427,bird
3428,frog
3429,plane
3430,ship
3431,cat
3432,bird
3433,plane
3434,car
3435,truck
3436,bird
3437,car
3438,car
3439,dog
3440,dog
3441,cat
3442,ship
3443,horse
3444,horse
3445,horse
3446,truck
3447,bird
3448,bird
3449,bird
3450,ship
3451,deer
3452,frog
3453,ship
3454,car
3455,bird
3456,ship
3457,horse
3458,plane
3459,cat
3460,ship
3461,deer
3462,plane
3463,bird
3464,bird
3465,dog
3466,dog
3467,plane
3468,dog
3469,frog
3470,car
3471,car
3472,cat
3473,horse
3474,deer
3475,deer
3476,frog
3477,ship
3478,truck
3479,bird
3480,cat
3481,cat
3482,truck
3483,plane
3484,cat
3485,ship
3486,car
3487,horse
3488,cat
3489,horse
3490,frog
3491,cat
3492,horse
3493,car
3494,deer
3495,frog
3496,dog
3497,deer
3498,dog
3499,dog
3500,deer
3501,plane
3502,car
3503,deer
3504,truck
3505,horse
3506,dog
3507,frog
3508,ship
3509,ship
3510,car
3511,frog
3512,plane
3513,bird
3514,horse
3515,deer
3516,dog
3517,horse
3518,frog
3519,truck
3520,frog
3521,cat
3522,cat
3523,car
3524,plane
3525,dog
3526,car
3527,dog
3528,cat
3529,plane
3530,deer
3531,car
3532,plane
3533,plane
3534,bird
3535,bird
3536,ship
3537,dog
3538,plane
3539,plane
3540,dog
3541,ship
3542,dog
3543,cat
3544,cat
3545,cat
3546,cat
3547,bird
3548,horse
3549,car
3550,ship
3551,truck
3552,bird
3553,horse
3554,cat
3555,frog
3556,frog
3557,bird
3558,dog
3559,car
3560,deer
3561,deer
3562,bird
3563,dog
3564,ship
3565,truck
3566,deer
3567,cat
3568,cat
3569,cat
3570,frog
3571,plane
3572,car
3573,horse
3574,truck
3575,deer
3576,bird
3577,ship
3578,horse
3579,dog
3580,deer
3581,plane
3582,frog
3583,plane
3584,ship
3585,frog
3586,dog
3587,plane
3588,ship
3589,truck
3590,ship
3591,plane
3592,deer
3593,deer
3594,truck
3595,deer
3596,plane
3597,car
3598,truck
3599,deer
3600,car
3601,ship
3602,dog
3603,plane
3604,deer
3605,truck
3606,deer
3607,ship
3608,plane
3609,frog
3610,ship
3611,horse
3612,deer
3613,horse
3614,truck
3615,cat
3616,deer
3617,deer
3618,deer
3619,ship
3620,dog
3621,bird
3622,plane
3623,cat
3624,bird
3625,car
3626,cat
3627,car
3628,cat
3629,cat
3630,frog
3631,ship
3632,truck
3633,truck
3634,bird
3635,frog
3636,frog
3637,car
3638,truck
3639,plane
3640,ship
3641,truck
3642,car
3643,bird
3644,ship
3645,deer
3646,bird
3647,ship
3648,cat
3649,horse
3650,dog
3651,car
3652,ship
3653,ship
3654,bird
3655,deer
3656,cat
3657,bird
3658,dog
3659,bird
3660,plane
3661,bird
3662,plane
3663,deer
3664,cat
3665,car
3666,plane
3667,plane
3668,cat
3669,car
3670,car
3671,frog
3672,horse
3673,deer
3674,deer
3675,car
3676,truck
3677,frog
3678,truck
3679,car
3680,horse
3681,cat
3682,plane
3683,plane
3684,dog
3685,car
3686,dog
3687,horse
3688,dog
3689,plane
3690,ship
3691,horse
3692,dog
3693,deer
3694,frog
3695,frog
3696,deer
3697,dog
3698,plane
3699,dog
3700,bird
3701,cat
3702,truck
3703,deer
3704,ship
3705,plane
3706,truck
3707,frog
3708,ship
3709,deer
3710,horse
3711,bird
3712,truck
3713,deer
3714,plane
3715,plane
3716,cat
3717,plane
3718,bird
3719,dog
3720,bird
3721,bird
3722,dog
3723,dog
3724,deer
3725,bird
3726,horse
3727,frog
3728,dog
3729,plane
3730,dog
3731,truck
3732,plane
3733,deer
3734,cat
3735,frog
3736,plane
3737,ship
3738,bird
3739,car
3740,plane
3741,plane
3742,car
3743,plane
3744,car
3745,deer
3746,cat
3747,car
3748,truck
3749,horse
3750,plane
3751,dog
3752,cat
3753,ship
3754,deer
3755,bird
3756,car
3757,deer
3758,cat
3759,horse
3760,cat
3761,truck
3762,plane
3763,plane
3764,truck
3765,horse
3766,bird
3767,ship
3768,car
3769,frog
3770,plane
3771,deer
3772,horse
3773,bird
3774,bird
3775,frog
3776,car
3777,truck
3778,truck
3779,truck
3780,horse
3781,plane
3782,truck
3783,frog
3784,bird
3785,car
3786,car
3787,dog
3788,plane
3789,car
3790,horse
3791,truck
3792,bird
3793,car
3794,truck
3795,ship
3796,car
3797,ship
3798,car
3799,horse
3800,truck
3801,cat
3802,frog
3803,dog
3804,deer
3805,frog
3806,ship
3807,truck
3808,horse
3809,frog
3810,plane
3811,frog
3812,horse
3813,truck
3814,deer
3815,deer
3816,ship
3817,bird
3818,frog
3819,frog
3820,plane
3821,deer
3822,deer
3823,deer
3824,bird
3825,cat
3826,frog
3827,plane
3828,plane
3829,horse
3830,frog
3831,bird
3832,cat
3833,car
3834,plane
3835,ship
3836,frog
3837,frog
3838,frog
3839,truck
3840,dog
3841,ship
3842,cat
3843,frog
3844,truck
3845,cat
3846,bird
3847,horse
3848,bird
3849,truck
3850,deer
3851,cat
3852,frog
3853,dog
3854,horse
3855,frog
3856,cat
3857,plane
3858,dog
3859,truck
3860,horse
3861,ship
3862,dog
3863,frog
3864,bird
3865,ship
3866,cat
3867,frog
3868,deer
3869,car
3870,horse
3871,car
3872,bird
3873,horse
3874,frog
3875,bird
3876,cat
3877,horse
3878,bird
3879,truck
3880,car
3881,bird
3882,car
3883,car
3884,truck
3885,frog
3886,dog
3887,ship
3888,frog
3889,car
3890,bird
3891,truck
3892,cat
3893,horse
3894,frog
3895,dog
3896,cat
3897,plane
3898,horse
3899,deer
3900,frog
3901,frog
3902,bird
3903,bird
3904,plane
3905,truck
3906,horse
3907,horse
3908,frog
3909,bird
3910,horse
3911,deer
3912,dog
3913,plane
3914,deer
3915,deer
3916,dog
3917,ship
3918,car
3919,horse
3920,bird
3921,cat
3922,horse
3923,cat
3924,plane
3925,horse
3926,frog
3927,deer
3928,plane
3929,plane
3930,ship
3931,ship
3932,plane
3933,cat
3934,plane
3935,horse
3936,truck
3937,frog
3938,dog
3939,cat
3940,cat
3941,frog
3942,bird
3943,dog
3944,cat
3945,truck
3946,bird
3947,bird
3948,frog
3949,frog
3950,ship
3951,cat
3952,frog
3953,deer
3954,dog
3955,truck
3956,cat
3957,plane
3958,truck
3959,truck
3960,truck
3961,ship
3962,dog
3963,dog
3964,bird
3965,car
3966,deer
3967,dog
3968,dog
3969,horse
3970,deer
3971,plane
3972,dog
3973,ship
3974,frog
3975,car
3976,plane
3977,horse
3978,horse
3979,plane
3980,ship
3981,deer
3982,bird
3983,ship
3984,deer
3985,deer
3986,horse
3987,dog
3988,deer
3989,frog
3990,bird
3991,dog
3992,plane
3993,bird
3994,bird
3995,frog
3996,bird
3997,ship
3998,ship
3999,cat
4000,horse
4001,ship
4002,deer
4003,plane
4004,ship
4005,bird
4006,plane
4007,bird
4008,ship
4009,truck
4010,cat
4011,truck
4012,horse
4013,ship
4014,ship
4015,plane
4016,frog
4017,frog
4018,car
4019,truck
4020,plane
4021,ship
4022,deer
4023,bird
4024,deer
4025,car
4026,deer
4027,plane
4028,plane
4029,bird
4030,bird
4031,deer
4032,car
4033,horse
4034,cat
4035,frog
4036,car
4037,plane
4038,horse
4039,cat
4040,plane
4041,bird
4042,truck
4043,car
4044,truck
4045,truck
4046,plane
4047,horse
4048,cat
4049,plane
4050,ship
4051,car
4052,cat
4053,frog
4054,horse
4055,plane
4056,dog
4057,car
4058,dog
4059,car
4060,car
4061,plane
4062,cat
4063,car
4064,deer
4065,car
4066,dog
4067,horse
4068,cat
4069,ship
4070,deer
4071,frog
4072,horse
4073,horse
4074,ship
4075,dog
4076,frog
4077,plane
4078,plane
4079,car
4080,ship
4081,horse
4082,frog
4083,horse
4084,deer
4085,frog
4086,horse
4087,deer
4088,bird
4089,bird
4090,horse
4091,truck
4092,dog
4093,deer
4094,cat
4095,plane
4096,car
4097,ship
4098,frog
4099,truck
4100,horse
4101,dog
4102,cat
4103,dog
4104,dog
4105,dog
4106,plane
4107,bird
4108,frog
4109,dog
4110,frog
4111,truck
4112,ship
4113,deer
4114,car
4115,truck
4116,cat
4117,plane
4118,horse
4119,dog
4120,bird
4121,truck
4122,car
4123,truck
4124,deer
4125,truck
4126,horse
4127,frog
4128,plane
4129,dog
4130,truck
4131,bird
4132,plane
4133,horse
4134,truck
4135,cat
4136,horse
4137,bird
4138,horse
4139,dog
4140,frog
4141,dog
4142,truck
4143,frog
4144,car
4145,ship
4146,plane
4147,car
4148,car
4149,car
4150,bird
4151,horse
4152,deer
4153,frog
4154,horse
4155,bird
4156,bird
4157,dog
4158,bird
4159,deer
4160,deer
4161,plane
4162,car
4163,truck
4164,deer
4165,dog
4166,cat
4167,horse
4168,bird
4169,horse
4170,frog
4171,ship
4172,frog
4173,dog
4174,cat
4175,car
4176,ship
4177,horse
4178,cat
4179,frog
4180,deer
4181,dog
4182,truck
4183,dog
4184,frog
4185,frog
4186,car
4187,ship
4188,dog
4189,car
4190,horse
4191,cat
4192,plane
4193,truck
4194,dog
4195,bird
4196,car
4197,deer
4198,cat
4199,bird
4200,plane
4201,ship
4202,truck
4203,car
4204,bird
4205,cat
4206,car
4207,frog
4208,deer
4209,horse
4210,bird
4211,bird
4212,horse
4213,car
4214,truck
4215,bird
4216,horse
4217,ship
4218,ship
4219,plane
4220,dog
4221,frog
4222,horse
4223,cat
4224,plane
4225,plane
4226,dog
4227,deer
4228,frog
4229,bird
4230,car
4231,frog
4232,horse
4233,truck
4234,ship
4235,frog
4236,plane
4237,car
4238,horse
4239,plane
4240,cat
4241,ship
4242,cat
4243,truck
4244,plane
4245,bird
4246,truck
4247,plane
4248,horse
4249,ship
4250,bird
4251,car
4252,car
4253,car
4254,truck
4255,deer
4256,deer
4257,horse
4258,deer
4259,horse
4260,dog
4261,truck
4262,bird
4263,deer
4264,bird
4265,bird
4266,cat
4267,dog
4268,dog
4269,deer
4270,cat
4271,horse
4272,bird
4273,bird
4274,truck
4275,car
4276,car
4277,horse
4278,bird
4279,dog
4280,car
4281,cat
4282,dog
4283,horse
4284,car
4285,truck
4286,frog
4287,car
4288,horse
4289,truck
4290,dog
4291,car
4292,frog
4293,car
4294,ship
4295,bird
4296,truck
4297,cat
4298,dog
4299,frog
4300,dog
4301,plane
4302,truck
4303,cat
4304,dog
4305,dog
4306,ship
4307,truck
4308,truck
4309,plane
4310,cat
4311,horse
4312,frog
4313,ship
4314,car
4315,truck
4316,deer
4317,deer
4318,frog
4319,deer
4320,deer
4321,truck
4322,bird
4323,horse
4324,cat
4325,cat
4326,frog
4327,ship
4328,cat
4329,plane
4330,plane
4331,deer
4332,ship
4333,dog
4334,bird
4335,car
4336,ship
4337,truck
4338,truck
4339,car
4340,cat
4341,cat
4342,cat
4343,car
4344,car
4345,dog
4346,ship
4347,dog
4348,bird
4349,dog
4350,bird
4351,ship
4352,plane
4353,plane
4354,deer
4355,bird
4356,bird
4357,ship
4358,truck
4359,car
4360,dog
4361,dog
4362,horse
4363,dog
4364,frog
4365,car
4366,bird
4367,cat
4368,ship
4369,truck
4370,ship
4371,deer
4372,cat
4373,car
4374,plane
4375,ship
4376,horse
4377,truck
4378,truck
4379,car
4380,cat
4381,plane
4382,truck
4383,truck
4384,plane
4385,horse
4386,plane
4387,plane
4388,dog
4389,dog
4390,truck
4391,plane
4392,plane
4393,deer
4394,ship
4395,frog
4396,ship
4397,horse
4398,frog
4399,frog
4400,ship
4401,plane
4402,frog
4403,car
4404,dog
4405,cat
4406,bird
4407,horse
4408,truck
4409,plane
4410,horse
4411,cat
4412,cat
4413,truck
4414,dog
4415,dog
4416,ship
4417,plane
4418,car
4419,plane
4420,dog
4421,dog
4422,ship
4423,plane
4424,dog
4425,dog
4426,bird
4427,ship
4428,dog
4429,truck
4430,bird
4431,truck
4432,truck
4433,cat
4434,car
4435,car
4436,plane
4437,plane
4438,cat
4439,horse
4440,cat
4441,frog
4442,cat
4443,car
4444,dog
4445,car
4446,dog
4447,bird
4448,truck
4449,cat
4450,car
4451,car
4452,frog
4453,plane
4454,plane
4455,bird
4456,deer
4457,horse
4458,car
4459,deer
4460,plane
4461,horse
4462,cat
4463,ship
4464,truck
4465,ship
4466,frog
4467,frog
4468,horse
4469,truck
4470,dog
4471,frog
4472,truck
4473,deer
4474,deer
4475,horse
4476,truck
4477,cat
4478,plane
4479,dog
4480,ship
4481,dog
4482,dog
4483,truck
4484,ship
4485,dog
4486,car
4487,dog
4488,frog
4489,ship
4490,plane
4491,horse
4492,dog
4493,car
4494,horse
4495,truck
4496,frog
4497,cat
4498,truck
4499,cat
4500,car
4501,car
4502,horse
4503,truck
4504,horse
4505,ship
4506,ship
4507,deer
4508,deer
4509,bird
4510,deer
4511,cat
4512,horse
4513,plane
4514,truck
4515,bird
4516,deer
4517,plane
4518,bird
4519,deer
4520,horse
4521,dog
4522,ship
4523,horse
4524,dog
4525,truck
4526,frog
4527,truck
4528,dog
4529,car
4530,car
4531,plane
4532,car
4533,ship
4534,ship
4535,horse
4536,horse
4537,horse
4538,car
4539,dog
4540,dog
4541,car
4542,bird
4543,dog
4544,deer
4545,bird
4546,bird
4547,cat
4548,dog
4549,plane
4550,horse
4551,ship
4552,bird
4553,horse
4554,ship
4555,dog
4556,ship
4557,deer
4558,frog
4559,car
4560,bird
4561,bird
4562,car
4563,car
4564,deer
4565,bird
4566,frog
4567,ship
4568,deer
4569,ship
4570,deer
4571,truck
4572,horse
4573,cat
4574,bird
4575,horse
4576,truck
4577,bird
4578,truck
4579,cat
4580,ship
4581,bird
4582,car
4583,car
4584,car
4585,plane
4586,cat
4587,truck
4588,bird
4589,horse
4590,cat
4591,ship
4592,bird
4593,dog
4594,horse
4595,deer
4596,horse
4597,cat
4598,truck
4599,dog
4600,car
4601,bird
4602,plane
4603,horse
4604,truck
4605,cat
4606,plane
4607,horse
4608,ship
4609,frog
4610,deer
4611,deer
4612,dog
4613,ship
4614,frog
4615,frog
4616,car
4617,bird
4618,cat
4619,cat
4620,deer
4621,truck
4622,dog
4623,frog
4624,deer
4625,bird
4626,frog
4627,bird
4628,bird
4629,horse
4630,dog
4631,plane
4632,frog
4633,truck
4634,car
4635,plane
4636,ship
4637,deer
4638,cat
4639,ship
4640,frog
4641,ship
4642,horse
4643,truck
4644,bird
4645,frog
4646,deer
4647,horse
4648,deer
4649,frog
4650,deer
4651,deer
4652,horse
4653,horse
4654,truck
4655,cat
4656,frog
4657,ship
4658,truck
4659,truck
4660,ship
4661,truck
4662,deer
4663,horse
4664,truck
4665,bird
4666,frog
4667,frog
4668,frog
4669,truck
4670,deer
4671,car
4672,bird
4673,plane
4674,ship
4675,horse
4676,frog
4677,car
4678,cat
4679,cat
4680,cat
4681,ship
4682,ship
4683,plane
4684,deer
4685,plane
4686,cat
4687,bird
4688,car
4689,dog
4690,car
4691,cat
4692,deer
4693,truck
4694,bird
4695,cat
4696,car
4697,frog
4698,deer
4699,ship
4700,frog
4701,frog
4702,deer
4703,car
4704,bird
4705,car
4706,horse
4707,dog
4708,cat
4709,deer
4710,cat
4711,horse
4712,cat
4713,ship
4714,bird
4715,plane
4716,car
4717,deer
4718,bird
4719,plane
4720,frog
4721,horse
4722,dog
4723,deer
4724,bird
4725,frog
4726,truck
4727,truck
4728,dog
4729,horse
4730,bird
4731,dog
4732,cat
4733,car
4734,ship
4735,frog
4736,truck
4737,dog
4738,ship
4739,car
4740,dog
4741,ship
4742,car
4743,deer
4744,ship
4745,frog
4746,ship
4747,frog
4748,plane
4749,cat
4750,bird
4751,car
4752,plane
4753,frog
4754,cat
4755,dog
4756,truck
4757,deer
4758,frog
4759,bird
4760,plane
4761,cat
4762,bird
4763,plane
4764,car
4765,cat
4766,ship
4767,bird
4768,horse
4769,bird
4770,ship
4771,horse
4772,deer
4773,ship
4774,truck
4775,horse
4776,bird
4777,plane
4778,bird
4779,deer
4780,cat
4781,cat
4782,ship
4783,plane
4784,deer
4785,deer
4786,plane
4787,car
4788,frog
4789,car
4790,horse
4791,dog
4792,ship
4793,ship
4794,plane
4795,truck
4796,plane
4797,horse
4798,deer
4799,bird
4800,truck
4801,frog
4802,frog
4803,truck
4804,car
4805,frog
4806,car
4807,bird
4808,dog
4809,bird
4810,deer
4811,horse
4812,plane
4813,truck
4814,frog
4815,dog
4816,frog
4817,bird
4818,frog
4819,deer
4820,deer
4821,horse
4822,truck
4823,cat
4824,car
4825,frog
4826,ship
4827,ship
4828,deer
4829,car
4830,plane
4831,frog
4832,ship
4833,car
4834,horse
4835,ship
4836,cat
4837,car
4838,car
4839,deer
4840,horse
4841,cat
4842,truck
4843,cat
4844,bird
4845,bird
4846,dog
4847,plane
4848,horse
4849,horse
4850,horse
4851,deer
4852,horse
4853,truck
4854,ship
4855,cat
4856,ship
4857,deer
4858,ship
4859,horse
4860,cat
4861,horse
4862,cat
4863,cat
4864,plane
4865,bird
4866,cat
4867,car
4868,frog
4869,deer
4870,truck
4871,cat
4872,car
4873,cat
4874,plane
4875,frog
4876,dog
4877,frog
4878,plane
4879,dog
4880,plane
4881,deer
4882,cat
4883,plane
4884,dog
4885,plane
4886,truck
4887,ship
4888,deer
4889,bird
4890,ship
4891,horse
4892,cat
4893,horse
4894,horse
4895,frog
4896,car
4897,deer
4898,truck
4899,deer
4900,truck
4901,frog
4902,plane
4903,plane
4904,horse
4905,bird
4906,deer
4907,deer
4908,plane
4909,deer
4910,dog
4911,frog
4912,ship
4913,deer
4914,ship
4915,deer
4916,frog
4917,truck
4918,plane
4919,ship
4920,horse
4921,truck
4922,cat
4923,dog
4924,bird
4925,bird
4926,horse
4927,plane
4928,bird
4929,cat
4930,frog
4931,frog
4932,horse
4933,horse
4934,car
4935,horse
4936,ship
4937,frog
4938,horse
4939,car
4940,bird
4941,plane
4942,dog
4943,horse
4944,truck
4945,horse
4946,dog
4947,truck
4948,deer
4949,ship
4950,plane
4951,frog
4952,deer
4953,frog
4954,ship
4955,ship
4956,cat
4957,car
4958,truck
4959,car
4960,frog
4961,deer
4962,ship
4963,horse
4964,deer
4965,car
4966,truck
4967,car
4968,dog
4969,truck
4970,horse
4971,bird
4972,truck
4973,bird
4974,frog
4975,ship
4976,car
4977,dog
4978,bird
4979,horse
4980,truck
4981,cat
4982,deer
4983,truck
4984,dog
4985,truck
4986,truck
4987,deer
4988,plane
4989,bird
4990,bird
4991,dog
4992,truck
4993,truck
4994,ship
4995,deer
4996,ship
4997,plane
4998,dog
4999,bird
